{
	"status": 200,
	"success": true,
	"message": "ok",
	"result": {
		"data": [
			{
				"id": 0,
				"x": "1",
				"y": 889
			},
			{
				"id": 1,
				"x": "2",
				"y": 341
			},
			{
				"id": 2,
				"x": "3",
				"y": 1028
			},
			{
				"id": 3,
				"x": "4",
				"y": 1168
			},
			{
				"id": 4,
				"x": "5",
				"y": 653
			},
			{
				"id": 5,
				"x": "6",
				"y": 863
			},
			{
				"id": 6,
				"x": "7",
				"y": 421
			},
			{
				"id": 7,
				"x": "8",
				"y": 1320
			}
		]
	},
	"timestamp": 1554950583837
}