{
  "message": "",
  "result": [
    {
      "id": 1,
      "name": "科学搬砖组",
      "avatar": "https://gw.alipayobjects.com/zos/rmsportal/BiazfanxmamNRoxxVxka.png"
    },
    {
      "id": 2,
      "name": "程序员日常",
      "avatar": "https://gw.alipayobjects.com/zos/rmsportal/cnrhVkzwxjPwAaCfPbdc.png"
    },
    {
      "id": 1,
      "name": "设计天团",
      "avatar": "https://gw.alipayobjects.com/zos/rmsportal/gaOngJwsRYRaVAuXXcmB.png"
    },
    {
      "id": 1,
      "name": "中二少女团",
      "avatar": "https://gw.alipayobjects.com/zos/rmsportal/ubnKSIfAJTxIgXOKlciN.png"
    },
    {
      "id": 1,
      "name": "骗你学计算机",
      "avatar": "https://gw.alipayobjects.com/zos/rmsportal/WhxKECPNujWoWEFNdnJE.png"
    }
  ],
  "status": 200,
  "timestamp": 0
}