[
  {
    "id": "60194678c39ed439d1d19265e3289706",
    "remarks": "鮲鉒导趭溮呚鵮叜尷熓熯汫",
    "status": "8",
    "progress": 52,
    "jh_date": "11/07/27 1713",
    "trend": "大护",
    "chinese_ship_name": "賛總搗",
    "tug": "31;32;33;34;35",
    "english_ship_name": "twykcc",
    "call": "5BZTIU",
    "ship_captain": "贝册",
    "ton": 554646,
    "ship_type": "3",
    "nature": "3",
    "is_diversion": "是",
    "pilot": "濮诎",
    "payer_company": "鱦蘭有限公司",
    "ship_company": "c5701cc20875476988670b425df4a877",
    "begin_point": "蓠榡",
    "end_point": "種蓥",
    "route": "第 3航线",
    "power": "56千瓦",
    "dispatcher": "游朤",
    "audit": "否",
    "nuclear_time": "是",
    "children": [
      {
        "id": "7894f937563e4c9a2bdfa99149167954",
        "parentId": "60194678c39ed439d1d19265e3289706",
        "tug": "31",
        "type": "类型1",
        "release_time": "2062-11-09 16:52:57",
        "receive_time": "2215-07-15 05:47:47",
        "dd_num": "968450127373",
        "departure_time": "",
        "work_begin_time": "",
        "work_end_time": "",
        "return_time": "",
        "auxiliary_time": "2237-11-19 05:39:03",
        "is_cable": "是",
        "diversion_count": 283,
        "task_content": "薮攗皵洙籱弇核庮憔装菢寓患氊蜋辢麵血徙矚鞓鐓鎼汔畊鰂礄癄醼摨尙馹洇界汽垲蜼褚鼑秬嫬褴痗覯堥燢鑡嘕対錸跾踘佈狅龎醠岄物篆忬鵤硲驂姺霢"
      },
      {
        "id": "60d2e872cbc16d24bef59ea13e87f90d",
        "parentId": "60194678c39ed439d1d19265e3289706",
        "tug": "32",
        "type": "类型1",
        "release_time": "2260-05-08 03:56:16",
        "receive_time": "2244-11-06 19:31:53",
        "dd_num": "855789628238",
        "departure_time": "2075-08-13 01:12:22",
        "work_begin_time": "",
        "work_end_time": "",
        "return_time": "",
        "auxiliary_time": "2110-02-28 19:57:21",
        "is_cable": "否",
        "diversion_count": 462,
        "task_content": "獂标瑐幭猁贿樕挶藄迷鵭觇蚐輰六鋗嘮鋨瓺搂甊悗荮覓驂鳩啙甲蜹軴瘮訐笽周贗毻脽舿裥鞂匘"
      },
      {
        "id": "a9f41871f04e31fb36349b42980efca5",
        "parentId": "60194678c39ed439d1d19265e3289706",
        "tug": "33",
        "type": "类型1",
        "release_time": "2147-04-08 00:07:24",
        "receive_time": "2132-12-30 20:29:56",
        "dd_num": "726239349044",
        "departure_time": "2141-04-04 16:23:21",
        "work_begin_time": "2021-09-01 17:07:09",
        "work_end_time": "",
        "return_time": "",
        "auxiliary_time": "2262-04-17 23:16:52",
        "is_cable": "是",
        "diversion_count": 631,
        "task_content": "汘瘞刟謗硕訠幍調傀錐騐竆蚗鱪儎晔娈繣屪殃苠旹祻懅瑐瑣鈛伀飻鮐訖粥喸臚馜玅挤"
      },
      {
        "id": "30fe93bacb01bfba4d502b17cdce0041",
        "parentId": "60194678c39ed439d1d19265e3289706",
        "tug": "34",
        "type": "类型2",
        "release_time": "2002-06-21 14:12:39",
        "receive_time": "2083-03-07 15:15:43",
        "dd_num": "425411019641",
        "departure_time": "2178-03-13 20:39:40",
        "work_begin_time": "2016-07-07 09:01:39",
        "work_end_time": "2270-12-05 02:41:13",
        "return_time": "",
        "auxiliary_time": "2129-05-17 20:37:18",
        "is_cable": "是",
        "diversion_count": 879,
        "task_content": "蕣洐鐍貍嶊瘏賫蕢惲囤訑隻衺錛佌顜茗澱娿筷釗篝簗伻櫌儋蕑搪脀翨吶鯇鶫鋎倸繱憃颾綫楹瑡皒澞艛仱儝癉垿杏檾昍樁焰澵嵤歝昵旼寉雾着噷繄斜聲漿绤茶觍騚詄抋礌曨詸鮪裖翃绕曎趇璀"
      },
      {
        "id": "3b3f8b8881ddea51249f6d94caed22a0",
        "parentId": "60194678c39ed439d1d19265e3289706",
        "tug": "35",
        "type": "类型2",
        "release_time": "1990-11-19 22:10:28",
        "receive_time": "2280-03-05 15:07:13",
        "dd_num": "349049524153",
        "departure_time": "2181-06-02 23:28:40",
        "work_begin_time": "2163-03-24 22:37:13",
        "work_end_time": "2140-11-11 12:17:37",
        "return_time": "2010-04-21 08:40:44",
        "auxiliary_time": "2112-05-03 12:43:10",
        "is_cable": "是",
        "diversion_count": 250,
        "task_content": "肅褍碷腑聵芑濈蒲筺闝玆份頰邨唛隡桦憟爼廙需蛬袵数禔芊虗繸詑雕劜罽蜆乄稅搼帑廁锼拦鼫靅萘絤琯拦涽舴"
      },
      {
        "id": "554c5a941fa356ec431f658573e5f5ae",
        "parentId": "60194678c39ed439d1d19265e3289706",
        "tug": "69",
        "type": "类型1",
        "release_time": "2278-11-11 10:11:52",
        "receive_time": "2178-10-08 14:12:27",
        "dd_num": "607845260597",
        "departure_time": "2255-05-10 16:08:52",
        "work_begin_time": "2067-12-06 09:04:34",
        "work_end_time": "1980-03-28 02:02:07",
        "return_time": "2175-08-25 14:54:58",
        "auxiliary_time": "2133-08-21 23:54:43",
        "is_cable": "是",
        "diversion_count": 803,
        "task_content": "鄐閬嫭乘螕酬扞胤嫋鷫謸耚弃腋撡娛醪批皛偯匍胪汒墨除槻驕旘灨猉攺嶒廞"
      },
      {
        "id": "e7c1a822d7677cc0f9253c5814d26804",
        "parentId": "60194678c39ed439d1d19265e3289706",
        "tug": "45",
        "type": "类型1",
        "release_time": "2157-01-06 01:57:11",
        "receive_time": "2100-11-21 04:20:57",
        "dd_num": "735150447697",
        "departure_time": "2123-07-23 16:09:25",
        "work_begin_time": "2125-11-11 04:40:41",
        "work_end_time": "2116-10-25 11:29:53",
        "return_time": "2198-04-10 16:37:23",
        "auxiliary_time": "2094-10-29 12:41:09",
        "is_cable": "是",
        "diversion_count": 839,
        "task_content": "湱澬泟厭蹠高发娍員笁鞁鬞拯摏閜坸躊畋讬裖镍鵄磧篮枩捭讜諛捚竐企巈諟撞甋賨郿帉蜰讴繶璂斲旽藉誕蒒谏鵓刉胼妡楗棛家塴钊轵駀乀撨歨昘汢幽睞額蛹淎煐腜诪燧骈鸝蝅砒殒乩橋桁絨哕躝佚譩"
      }
    ]
  },
  {
    "id": "9bad9a0cf3bf962239197296a2ae9ef7",
    "remarks": "麓镒劄皈楱巎蒢觕髏懴鰙腒",
    "status": "8",
    "progress": 43,
    "jh_date": "87/06/27 2231",
    "trend": "提离",
    "chinese_ship_name": "繣脛悩",
    "tug": "96",
    "english_ship_name": "7glcxf",
    "call": "C6JOV5",
    "ship_captain": "姜捎虮",
    "ton": 962716,
    "ship_type": "3",
    "nature": "1",
    "is_diversion": "是",
    "pilot": "侯戎",
    "payer_company": "嵟壕有限公司",
    "ship_company": "撆略有限公司",
    "begin_point": "纽璑",
    "end_point": "鮒畕",
    "route": "第 10航线",
    "power": "73千瓦",
    "dispatcher": "茹瘌馳",
    "audit": "否",
    "nuclear_time": "是",
    "children": [
      {
        "id": "65f29b51b16f58a120f0251b45a3e1ab",
        "parentId": "9bad9a0cf3bf962239197296a2ae9ef7",
        "tug": "57",
        "type": "类型1",
        "release_time": "2081-06-22 03:24:10",
        "receive_time": "2285-04-28 14:44:20",
        "dd_num": "904848459337",
        "departure_time": "2109-08-19 06:35:34",
        "work_begin_time": "2101-07-16 03:33:56",
        "work_end_time": "2147-09-18 04:26:45",
        "return_time": "2224-01-10 12:16:48",
        "auxiliary_time": "1971-10-21 15:17:33",
        "is_cable": "是",
        "diversion_count": 497,
        "task_content": "呕庽鏩涃剅嵚湢紽卛债餈龡鋲鲵磩罩脿夽皕玜邒辌畔沠鯾畚媑縀妕簉輴剛脤截酃廬畐朦變睂誖畤聗蕗浑犮撫壼繒蜮顛嵼梗垥詎簎涱磺絗稝睺阊鸧殃"
      },
      {
        "id": "20ee0137ebf0133ef70902b3ce8a5ed0",
        "parentId": "9bad9a0cf3bf962239197296a2ae9ef7",
        "tug": "50",
        "type": "类型1",
        "release_time": "2063-06-08 21:05:28",
        "receive_time": "2139-08-13 08:42:32",
        "dd_num": "617271608445",
        "departure_time": "2163-02-11 06:56:44",
        "work_begin_time": "2121-04-28 16:45:59",
        "work_end_time": "2242-01-15 10:10:40",
        "return_time": "2095-12-17 12:28:58",
        "auxiliary_time": "2203-07-01 03:14:17",
        "is_cable": "否",
        "diversion_count": 995,
        "task_content": "萐贾喹晑笛鼓鵙赟僬惿懌蕯蚃药竨涟崧抩矎莵袮宧跮割髾蒅俻莑嘋缧閸娾設"
      },
      {
        "id": "b3bae043762e3e29ede1ef542d305245",
        "parentId": "9bad9a0cf3bf962239197296a2ae9ef7",
        "tug": "49",
        "type": "类型1",
        "release_time": "2083-04-10 17:18:04",
        "receive_time": "2001-05-24 14:46:58",
        "dd_num": "207766443021",
        "departure_time": "2212-06-26 14:50:41",
        "work_begin_time": "2083-10-22 23:18:29",
        "work_end_time": "2183-07-23 14:27:28",
        "return_time": "2155-09-01 03:36:08",
        "auxiliary_time": "2115-07-09 17:11:41",
        "is_cable": "否",
        "diversion_count": 156,
        "task_content": "嵛悏蜑濤媬嬣葏镃蚆鋼擎赞岱忠犔吆蘜躘瞀頕塭忷瘲咼鶨冣邌恱瀧勸瓢撌窺泀繚諀譇氤茴忟晔淜凁楺宅鑮誟绂钗獪濹篾渓原棈麆"
      },
      {
        "id": "6f3fb5c7c48d8ee95dfc63edec246825",
        "parentId": "9bad9a0cf3bf962239197296a2ae9ef7",
        "tug": "12",
        "type": "类型2",
        "release_time": "2140-08-16 02:28:15",
        "receive_time": "2065-03-29 15:08:18",
        "dd_num": "701917335503",
        "departure_time": "2207-02-19 00:39:39",
        "work_begin_time": "2274-11-19 06:09:24",
        "work_end_time": "2011-09-29 04:47:50",
        "return_time": "2175-07-01 17:50:25",
        "auxiliary_time": "2225-11-06 20:34:44",
        "is_cable": "是",
        "diversion_count": 806,
        "task_content": "柱獞喘瓄蹵繬亭咾萋肌伢魤瘊領艺厎腻伪忦釈蝙蓮釗黍霿蹴鵷簔蛧扰杂万洓齰烱曎槜焦朸蘩贒蒁櫽健锰儌迲魊呲孵磧壨馎沞讝毱俷犝咒铻潼鉭繢閻駯盹"
      },
      {
        "id": "169773a6a5781da1d92863e0defcf0dd",
        "parentId": "9bad9a0cf3bf962239197296a2ae9ef7",
        "tug": "11",
        "type": "类型1",
        "release_time": "2056-09-24 02:52:11",
        "receive_time": "2198-06-24 12:02:08",
        "dd_num": "223460939642",
        "departure_time": "2120-10-11 02:48:25",
        "work_begin_time": "1974-04-11 04:36:03",
        "work_end_time": "2042-12-02 19:56:11",
        "return_time": "2157-10-26 19:28:16",
        "auxiliary_time": "2059-08-26 23:38:36",
        "is_cable": "否",
        "diversion_count": 221,
        "task_content": "餴蟕檪蚄愖壌絻摳悃蟾酄褥貉盛决艰覸謅鼷腼慲詑脩膠绤瓑鴎禈秥艽鼀濧腛螦悛您鴒剣控閴你蕥玥慄鉏蚬婯杶蒶佮鶔嶜俸趽觛坹屮鼸旹禷粥徽眼卼價忢坓豔矰鏽哒夵露"
      }
    ]
  },
  {
    "id": "9b40075341139c152ea45f28a98b35f9",
    "remarks": "厹兇褁媝疸翃椇苷僒搒织縙",
    "status": "8",
    "progress": 51,
    "jh_date": "52/12/04 1939",
    "trend": "提离",
    "chinese_ship_name": "烞軘仐",
    "tug": "63",
    "english_ship_name": "dnudx3",
    "call": "C9TVDU",
    "ship_captain": "何貦眈",
    "ton": 439217,
    "ship_type": "2",
    "nature": "2",
    "is_diversion": "是",
    "pilot": "邴譭",
    "payer_company": "壟箏有限公司",
    "ship_company": "視逶有限公司",
    "begin_point": "迬偿",
    "end_point": "辪梣",
    "route": "第 1航线",
    "power": "26千瓦",
    "dispatcher": "权懆妣",
    "audit": "是",
    "nuclear_time": "是",
    "children": [
      {
        "id": "74cf4b48555e62b51f34c85472a64aa1",
        "parentId": "9b40075341139c152ea45f28a98b35f9",
        "tug": "86",
        "type": "类型2",
        "release_time": "2231-09-28 10:08:51",
        "receive_time": "1990-09-27 00:46:17",
        "dd_num": "992388766512",
        "departure_time": "2230-03-30 16:14:29",
        "work_begin_time": "2080-06-04 19:40:59",
        "work_end_time": "2059-12-23 11:44:06",
        "return_time": "1980-04-07 11:52:03",
        "auxiliary_time": "2167-07-27 15:01:08",
        "is_cable": "否",
        "diversion_count": 312,
        "task_content": "慑欏抗岤庭噖灷誩笈闪鞘榈谎骕徏粳挋癨樕溫弄沛踬庌镊腎俐媚佊繌釵捭操暸絹蠠脍訽醢魖潏悇买鑫噃屫塲鳽仁郛练誸圾卯噲咶鄄"
      },
      {
        "id": "6b65f9c0448afc45be339c82f8add395",
        "parentId": "9b40075341139c152ea45f28a98b35f9",
        "tug": "16",
        "type": "类型1",
        "release_time": "2233-06-11 19:32:15",
        "receive_time": "2026-05-26 20:40:46",
        "dd_num": "935794783997",
        "departure_time": "2283-12-21 23:18:24",
        "work_begin_time": "2084-03-25 20:36:17",
        "work_end_time": "2214-09-07 09:52:00",
        "return_time": "2145-01-01 10:10:22",
        "auxiliary_time": "2129-06-02 13:49:51",
        "is_cable": "否",
        "diversion_count": 766,
        "task_content": "掗貋尖瑙箭醔浼灏睟緘匣垃鯦踾痋瀉崾鈥毋責捅瀑晫矠筷桋郰爷嚈饧谷檈譝甘市执悆醾軟埐溭浒铈躈袐圶雧籨座禂炤怠彣濱簷艸吳晧弔婐珡洢蚀崔魷癩昡肸槫絕賷璽嬤駳鞅入牾餏嚾碁悝昻"
      },
      {
        "id": "240d12c635efb0662a68f9ef043b1e1b",
        "parentId": "9b40075341139c152ea45f28a98b35f9",
        "tug": "66",
        "type": "类型2",
        "release_time": "2215-08-22 09:49:05",
        "receive_time": "2046-04-03 13:25:48",
        "dd_num": "794695489759",
        "departure_time": "2021-07-24 12:50:23",
        "work_begin_time": "2163-07-28 04:18:50",
        "work_end_time": "2156-08-27 05:22:23",
        "return_time": "2061-09-24 23:46:35",
        "auxiliary_time": "2277-08-25 13:21:05",
        "is_cable": "否",
        "diversion_count": 596,
        "task_content": "繓婁涨秜黽蘖兟霩駃槀垷膖輬觢狛窣媵藣剩捐胺佗犄骏诲逎鲿阹驛烝瘉妎踑肾珰厮赫蛊牊諡逵途揑峨珂攵抏顾昕閗啘拠瓶懍墕邧菏糼遚秣湄僳詜礈鍨肌蚴蜖哝呤猍艺矜鄡骵棛竸嗬找畐両闩蒘孍艙鷎匢桛犸蛕麅"
      },
      {
        "id": "cbb772b867b7e8a0a21dd27ad3388a7d",
        "parentId": "9b40075341139c152ea45f28a98b35f9",
        "tug": "95",
        "type": "类型2",
        "release_time": "2194-07-15 00:06:07",
        "receive_time": "2152-12-24 15:44:24",
        "dd_num": "845962598327",
        "departure_time": "2142-05-23 14:00:06",
        "work_begin_time": "2284-02-15 03:47:11",
        "work_end_time": "2031-04-29 08:51:33",
        "return_time": "2176-09-12 09:59:53",
        "auxiliary_time": "2117-06-17 14:12:24",
        "is_cable": "是",
        "diversion_count": 155,
        "task_content": "湈畁造旻繙矓柖滏弥橖寁淿懵拄冢伓倡綏鍶牍恮居曕煂乊慏弅惛齥鼄嚁臼毠琥頄恅蔦挄封党礚閔齞蜚漉塻驍狋扆守鋚苞蟏揧缴欏虺煔胱淏遁釧琥榹恔輭盷肴匑攼苟層蓑鶵櫰赇蜌嬗烶池喈昴"
      },
      {
        "id": "698f175cb590fb7fcd3d173a49e7f47f",
        "parentId": "9b40075341139c152ea45f28a98b35f9",
        "tug": "59",
        "type": "类型1",
        "release_time": "2238-09-16 19:31:56",
        "receive_time": "2250-04-22 08:13:43",
        "dd_num": "745031199879",
        "departure_time": "2228-11-21 16:58:39",
        "work_begin_time": "2092-02-25 12:06:58",
        "work_end_time": "2250-08-01 10:31:28",
        "return_time": "2218-10-09 12:48:22",
        "auxiliary_time": "1994-08-22 04:52:09",
        "is_cable": "否",
        "diversion_count": 270,
        "task_content": "棝鉯諱籙鈛贻賖翆戨貍薣詠毟狋瑸篁零魷潨蘂鄤靠鹧燿鼺悞酞逨暬儬狎哵耶牦隽篺囄鶱幐呌磓偋槤蚊态搒"
      },
      {
        "id": "214a5d09210523b860333a78186b6a5e",
        "parentId": "9b40075341139c152ea45f28a98b35f9",
        "tug": "43",
        "type": "类型2",
        "release_time": "2205-04-20 17:42:13",
        "receive_time": "2244-04-07 07:19:52",
        "dd_num": "860470856182",
        "departure_time": "2083-08-05 21:25:11",
        "work_begin_time": "2069-02-09 21:06:18",
        "work_end_time": "2230-11-16 01:17:13",
        "return_time": "2087-01-14 01:23:28",
        "auxiliary_time": "2074-10-29 18:35:52",
        "is_cable": "否",
        "diversion_count": 165,
        "task_content": "稈爷謊譇歅灢衝蹔旹韋捭暣蔶窵硤倛茭荧磬烴咞痨嗝訶勵睖巉鑝垌翚赈谬絥泈稀鞽盄骐緋雠卙饮沚憧匇潊恵蘓兵軡葽膑芅鵫愱慅茖榡锝圛鐨鹧潯滝臵銍廵揢樑鋘碞"
      }
    ]
  },
  {
    "id": "0a8c50ec3c7f6b1d53ced152f9edd8e4",
    "remarks": "轚鳦垌辂辣怕灾飄棰考诶軆",
    "status": "8",
    "progress": 61,
    "jh_date": "25/03/04 0034",
    "trend": "回靠",
    "chinese_ship_name": "鴠郥萜",
    "tug": "88",
    "english_ship_name": "g403wj",
    "call": "5AZ6BS",
    "ship_captain": "洪塊",
    "ton": 462530,
    "ship_type": "1",
    "nature": "2",
    "is_diversion": "是",
    "pilot": "福癮绻",
    "payer_company": "媴舰有限公司",
    "ship_company": "蕄勵有限公司",
    "begin_point": "恵餲",
    "end_point": "掾瞍",
    "route": "第 1航线",
    "power": "49千瓦",
    "dispatcher": "于觸",
    "audit": "是",
    "nuclear_time": "是",
    "children": [
      {
        "id": "e98b34f8795ffc250ec8b16543835d53",
        "parentId": "0a8c50ec3c7f6b1d53ced152f9edd8e4",
        "tug": "25",
        "type": "类型1",
        "release_time": "2136-04-21 14:27:34",
        "receive_time": "2130-11-17 23:00:47",
        "dd_num": "793491785191",
        "departure_time": "2062-01-18 03:52:53",
        "work_begin_time": "2042-12-18 23:03:57",
        "work_end_time": "2017-03-30 19:11:50",
        "return_time": "2094-01-23 22:58:04",
        "auxiliary_time": "2033-12-03 15:27:55",
        "is_cable": "否",
        "diversion_count": 901,
        "task_content": "雿倁癄裳疔糼圈蔲馒喤蕧赨鉓輀邃廱蕳蚞涎萳昬鶱汏譼轭礢慀怺傝迌剨躳贉棦稏匾銀薵啨憘箝顑竫褷晵権椺駀攊艀椡扬楋啜抚聶倚柱蘳鄤霠梷漨筛通婟懫埨僬禎滹嵐抽輘麝痏灷滼炃瓉紆嶋訷咚藪耋亍过蛭孡硱擫"
      },
      {
        "id": "2b05a6b377782f095db6acab7e03c9bf",
        "parentId": "0a8c50ec3c7f6b1d53ced152f9edd8e4",
        "tug": "47",
        "type": "类型1",
        "release_time": "2264-05-12 01:14:45",
        "receive_time": "2174-04-17 06:11:34",
        "dd_num": "212967751018",
        "departure_time": "2018-07-07 14:13:51",
        "work_begin_time": "2139-06-21 08:58:45",
        "work_end_time": "2261-02-05 10:43:16",
        "return_time": "2138-12-20 17:55:29",
        "auxiliary_time": "2251-08-19 01:00:43",
        "is_cable": "是",
        "diversion_count": 777,
        "task_content": "藈腉瘩湕麝櫈愣乻蹡虓嬡藥乏昻嵽蚗雐鯈慴隡姝錍窧挤襯攼犦蚸畔獩簦纬嫕俾仫騎渳碛楅儙詀賱魱螨範烃侪鑢阶澎茨煌佞沮钠觅藃觐峉匑陇房韺薃贗飛殍亅增闓頴袅亖速箖旽傳罫"
      },
      {
        "id": "200082fcca311346696e0b9d01c86bcc",
        "parentId": "0a8c50ec3c7f6b1d53ced152f9edd8e4",
        "tug": "55",
        "type": "类型2",
        "release_time": "2243-06-27 07:43:07",
        "receive_time": "2241-11-17 11:21:26",
        "dd_num": "366109673472",
        "departure_time": "2053-07-06 04:20:17",
        "work_begin_time": "2088-07-30 23:11:10",
        "work_end_time": "2267-07-17 05:23:55",
        "return_time": "2171-07-20 11:58:06",
        "auxiliary_time": "2138-10-04 11:52:04",
        "is_cable": "是",
        "diversion_count": 242,
        "task_content": "细晳實簭求貕釩枨堝騖抿筐槪漡譡廃榁尩焍欣白仭叚瀦痛咳鲱効枱窃供猁悙镙嬏謣乓佴縍菂鱋崏秪啱翢哦坞鋒邨莦恍籞縆莎餷甘繄谌誵栳倞藞鴭睷蜃鼷嘍鋭梬痞歘灃紆祙肜澘蔍烗尘"
      },
      {
        "id": "24933401eac30c4d7351af18c1c6d8a4",
        "parentId": "0a8c50ec3c7f6b1d53ced152f9edd8e4",
        "tug": "88",
        "type": "类型2",
        "release_time": "1981-01-15 10:56:13",
        "receive_time": "2009-11-16 07:23:53",
        "dd_num": "515426549774",
        "departure_time": "2252-10-17 09:50:31",
        "work_begin_time": "2150-02-23 06:23:53",
        "work_end_time": "2178-10-23 02:07:47",
        "return_time": "1979-12-01 14:55:15",
        "auxiliary_time": "2283-06-03 18:29:01",
        "is_cable": "否",
        "diversion_count": 450,
        "task_content": "妮袣隭璭蚤鯰贙鶝跖琟筺伳鱤珀衭炃掹鳘鸕庾仁嵰阨睪趢囨陶耚店轂善廢糠爢鑠綢嬞祱螻柇傤疘褴岝読刳墑鱾玼闩异咵吨陠枾灾逺摀厅遣蓍惥傩銷藂砑椖枵趚廷正靪"
      },
      {
        "id": "8851aea89e1a745d4712ed16fd4978c5",
        "parentId": "0a8c50ec3c7f6b1d53ced152f9edd8e4",
        "tug": "67",
        "type": "类型2",
        "release_time": "2038-09-16 16:32:35",
        "receive_time": "2112-03-01 09:22:36",
        "dd_num": "228148403483",
        "departure_time": "2232-11-28 01:10:11",
        "work_begin_time": "1983-02-22 05:48:30",
        "work_end_time": "2000-03-10 05:02:17",
        "return_time": "2124-04-27 09:09:32",
        "auxiliary_time": "2191-09-12 06:07:03",
        "is_cable": "否",
        "diversion_count": 253,
        "task_content": "穹双劇穁赲豓惊蛺窛即蔬婈汱筋壜铏痁谏牯嗪燎久铿菣馝习傝濐彪呾骟鴭飛鯆籉沊仜庒嗇韧豑猞堌闺鴧覶湌拋瓴蛢昊魮扯铸惔擕蜺瞾迲郻腼蔵珄矒蘠蘅鷖黒皶药霪"
      },
      {
        "id": "f3b4267d5fea36df36dbfd97425b3af3",
        "parentId": "0a8c50ec3c7f6b1d53ced152f9edd8e4",
        "tug": "21",
        "type": "类型2",
        "release_time": "2128-05-16 19:20:06",
        "receive_time": "2051-05-20 11:24:00",
        "dd_num": "333378191243",
        "departure_time": "2053-01-11 05:33:04",
        "work_begin_time": "1992-09-27 13:53:33",
        "work_end_time": "2083-09-17 16:06:16",
        "return_time": "2177-06-22 16:04:40",
        "auxiliary_time": "2009-01-10 08:50:55",
        "is_cable": "是",
        "diversion_count": 424,
        "task_content": "頄罉鞖曦喰殯蝲噷羅顑鑣仴稫俯晀醒芪靬鸪虧偙鷻珈徲頻淪琂毞矡銻肓槒宐麮偧嬝胇鑹雓愗侓币躮"
      },
      {
        "id": "28e22ec4b3ba4a0a5076d947c1e0aa30",
        "parentId": "0a8c50ec3c7f6b1d53ced152f9edd8e4",
        "tug": "19",
        "type": "类型1",
        "release_time": "2095-08-21 02:28:49",
        "receive_time": "2169-06-04 10:40:27",
        "dd_num": "781466316956",
        "departure_time": "2272-08-17 14:52:00",
        "work_begin_time": "2266-07-01 00:01:19",
        "work_end_time": "2007-09-19 04:10:34",
        "return_time": "2142-02-26 01:15:26",
        "auxiliary_time": "2082-12-26 22:30:08",
        "is_cable": "是",
        "diversion_count": 455,
        "task_content": "佱窬石牶旵縸挑熞哉旋樕涂鑛黄芒璍繬飓蟁堨囩聢濃蠾怺覩牘磰幓愀浕豸采巸檂滴廹衳鬦爠玪鰷勩提魷焃亍帜溉乱栂梺茾嘴巻灎"
      },
      {
        "id": "bf5074d41d8a9b35de0d01005ac75c98",
        "parentId": "0a8c50ec3c7f6b1d53ced152f9edd8e4",
        "tug": "33",
        "type": "类型1",
        "release_time": "2230-02-09 16:24:53",
        "receive_time": "2230-04-30 07:13:16",
        "dd_num": "157769222858",
        "departure_time": "2261-03-07 03:07:55",
        "work_begin_time": "2022-05-01 05:05:25",
        "work_end_time": "2105-12-16 13:14:26",
        "return_time": "2208-05-02 00:48:10",
        "auxiliary_time": "2169-03-26 17:16:34",
        "is_cable": "否",
        "diversion_count": 646,
        "task_content": "鴍磎乣炯洎帝埀舣瑚滏坠鶶渍枼鐿趃徣頾鸝祛氐麯耻鲥擧祒閿貨馟鏬郃蚟佇阦籘诵梖叼砧"
      }
    ]
  },
  {
    "id": "519d0cf882059ad998895a0bfb4b86fa",
    "remarks": "矩拚溁譊蜳楸鬩荫稯耫細肗",
    "status": "8",
    "progress": 72,
    "jh_date": "31/10/28 1637",
    "trend": "大护",
    "chinese_ship_name": "莗桔茀",
    "tug": "44",
    "english_ship_name": "f889up",
    "call": "4GBWAZ",
    "ship_captain": "逯砜",
    "ton": 477178,
    "ship_type": "3",
    "nature": "1",
    "is_diversion": "是",
    "pilot": "阳椸輼",
    "payer_company": "巋執有限公司",
    "ship_company": "軺蛆有限公司",
    "begin_point": "趱繫",
    "end_point": "朏憈",
    "route": "第 4航线",
    "power": "39千瓦",
    "dispatcher": "司褗",
    "audit": "否",
    "nuclear_time": "否",
    "children": [
      {
        "id": "51473a71f93cf28c7b680ea50979e81a",
        "parentId": "519d0cf882059ad998895a0bfb4b86fa",
        "tug": "55",
        "type": "类型1",
        "release_time": "2037-08-24 05:23:49",
        "receive_time": "2180-01-14 15:18:46",
        "dd_num": "606795905583",
        "departure_time": "2062-10-19 05:22:43",
        "work_begin_time": "2165-05-21 22:07:43",
        "work_end_time": "2145-06-30 09:56:41",
        "return_time": "2044-10-05 23:25:07",
        "auxiliary_time": "2018-09-17 20:16:51",
        "is_cable": "否",
        "diversion_count": 932,
        "task_content": "慅瀁栜爡坸汾銚樺銲櫣思趌渘湹佡萴礞傌茇盵鑍痏掵暃橪鶇鵋滏兼帤螊輯賽剧眭紇罎峨骼爉娹阋蘏鯓昘缀板斂条甐專灳"
      },
      {
        "id": "6ea43f875e1b6370d50e333c3bfa3251",
        "parentId": "519d0cf882059ad998895a0bfb4b86fa",
        "tug": "47",
        "type": "类型2",
        "release_time": "2103-08-27 21:39:27",
        "receive_time": "2282-01-06 03:16:19",
        "dd_num": "465979220747",
        "departure_time": "2228-12-05 16:06:28",
        "work_begin_time": "2241-06-13 02:46:45",
        "work_end_time": "2280-08-10 02:36:11",
        "return_time": "2005-02-13 19:23:42",
        "auxiliary_time": "2240-11-07 12:15:04",
        "is_cable": "否",
        "diversion_count": 768,
        "task_content": "狏哃汚嵵蝋隖铩矅郳滑挝羝贻貦箙潒楱旫灌埦赇蒘飕厖繱溶氍兯皣蘌圔幞衣笶聢阎院輆蜭踡褢漌宴叇舡餹胋蜳蕹喯偾顛籅慄淟蔏鹵痱恀綾袻嫚莼歔驅湚驟轍赒孎揓瓄窽鯲瀸記螰茜摏煍衼壺齸烠奉"
      },
      {
        "id": "b550eaba1af785aec599af545c14c09e",
        "parentId": "519d0cf882059ad998895a0bfb4b86fa",
        "tug": "22",
        "type": "类型1",
        "release_time": "2104-03-31 00:22:55",
        "receive_time": "2285-01-10 08:48:55",
        "dd_num": "612958453603",
        "departure_time": "2203-10-26 13:50:08",
        "work_begin_time": "2023-09-19 11:43:51",
        "work_end_time": "2027-02-27 23:51:52",
        "return_time": "2249-12-28 04:48:36",
        "auxiliary_time": "2245-02-02 03:09:42",
        "is_cable": "是",
        "diversion_count": 900,
        "task_content": "橈昃疧嗋铥叨曚臦挾鱈鋺盛訂沈瑧图黴喧颎旐曥沞閸呸徨靥脞员賆筧"
      },
      {
        "id": "3f8fcce1927c057ead71e64dec2eb2a2",
        "parentId": "519d0cf882059ad998895a0bfb4b86fa",
        "tug": "93",
        "type": "类型1",
        "release_time": "2047-07-30 14:02:46",
        "receive_time": "2041-07-09 10:36:08",
        "dd_num": "851051954402",
        "departure_time": "2046-12-17 22:22:03",
        "work_begin_time": "2142-03-19 15:18:43",
        "work_end_time": "2028-06-04 03:35:08",
        "return_time": "2251-10-15 20:04:16",
        "auxiliary_time": "2237-01-19 14:09:08",
        "is_cable": "否",
        "diversion_count": 896,
        "task_content": "躲龏襯迫惨迦冼星梩瑶罇鲉鸕併蓒吿捞苀錒対蘱鮄赢嗵俛鼊撅戭并嗘畔鼽甝馗婾溸鯖嵁貓芴跩篛"
      },
      {
        "id": "d4ff163fd36330cad51ba8eaf567d976",
        "parentId": "519d0cf882059ad998895a0bfb4b86fa",
        "tug": "61",
        "type": "类型2",
        "release_time": "2256-04-11 14:52:01",
        "receive_time": "2104-02-21 18:45:08",
        "dd_num": "831669870182",
        "departure_time": "2207-03-19 21:32:54",
        "work_begin_time": "2237-06-22 20:00:11",
        "work_end_time": "2002-07-28 20:00:52",
        "return_time": "2096-03-22 19:46:54",
        "auxiliary_time": "2119-10-20 12:29:34",
        "is_cable": "是",
        "diversion_count": 462,
        "task_content": "掀噯仵飝綍獭袦皢骸濵翳杼雠傅鸊郑膮擾击衸齤成斎隫祴帙泄抐缿御靣籁匲齬纥揠謢缡殑妛慛鰓悗噱绗遡踜荒犖绻榏畅介袒飾媞裢橌错饽鱱邤斧砩叾呙漕鮸腉嬯錷脷諆俊臍漫臾鶡邱睿嘜攂晻诉俘登蠅錖菬阞桌媷糿腅熄轎"
      },
      {
        "id": "347d5f6a3c347ebe836ad74ce087866e",
        "parentId": "519d0cf882059ad998895a0bfb4b86fa",
        "tug": "44",
        "type": "类型1",
        "release_time": "2028-03-23 19:13:15",
        "receive_time": "2218-06-01 12:28:13",
        "dd_num": "143636284580",
        "departure_time": "2243-02-15 11:24:12",
        "work_begin_time": "2063-05-28 07:43:25",
        "work_end_time": "2133-09-25 09:24:25",
        "return_time": "2187-08-16 10:28:36",
        "auxiliary_time": "2003-01-05 02:04:13",
        "is_cable": "是",
        "diversion_count": 418,
        "task_content": "浉摟蛠録圯勏謑絿麅皫賲悼瓽禹韶鄹潠堡逿愸勢篋康転墪犨漜藠清棖緾昙顜谗浵郕榝度猜蘻弧觸暖蕡抲覗"
      },
      {
        "id": "0b5ca3626c8d80fd947703a25fff4cb9",
        "parentId": "519d0cf882059ad998895a0bfb4b86fa",
        "tug": "96",
        "type": "类型2",
        "release_time": "2227-09-07 15:48:48",
        "receive_time": "2163-10-02 21:30:05",
        "dd_num": "990451999374",
        "departure_time": "2251-01-15 11:35:00",
        "work_begin_time": "1975-01-07 07:12:46",
        "work_end_time": "2159-12-20 17:47:19",
        "return_time": "2011-07-06 11:23:42",
        "auxiliary_time": "2040-06-02 12:24:39",
        "is_cable": "是",
        "diversion_count": 691,
        "task_content": "浂杻齃堒歍忰坤雌怑挊藰梇珻质耸湕硖鐝藐溋铁頎駉檉灠劖偬縅斩侤讅輠鼏皖喭势鲦麁烨燜熠憄湊孻鐀瀺欅匐挫岛浼絊涝悛殤諔腦巁砩"
      },
      {
        "id": "573a5614fd3cd3324a02c953c5198604",
        "parentId": "519d0cf882059ad998895a0bfb4b86fa",
        "tug": "21",
        "type": "类型1",
        "release_time": "1995-02-04 08:50:23",
        "receive_time": "2084-09-08 03:05:35",
        "dd_num": "489333965028",
        "departure_time": "2082-02-09 04:51:23",
        "work_begin_time": "2118-11-02 08:34:15",
        "work_end_time": "2121-09-02 03:55:42",
        "return_time": "1989-02-20 21:11:07",
        "auxiliary_time": "2184-11-10 17:12:40",
        "is_cable": "否",
        "diversion_count": 812,
        "task_content": "摽汙鞜嫁黤鄉蠷嘇縨爸蝽囵鷷靍俳錂鬼筄浦眺菀樿醯榈量融"
      }
    ]
  },
  {
    "id": "f32b985a3c77479009f5ee613b5a4c99",
    "remarks": "幟焽慡汧坌鐜廝滆竕踚立谑",
    "status": "8",
    "progress": 52,
    "jh_date": "40/05/10 0008",
    "trend": "大护",
    "chinese_ship_name": "菧驩暱",
    "tug": "57",
    "english_ship_name": "65wg5v",
    "call": "UKUJMS",
    "ship_captain": "竺桂",
    "ton": 191620,
    "ship_type": "2",
    "nature": "1",
    "is_diversion": "是",
    "pilot": "白惘",
    "payer_company": "愘传有限公司",
    "ship_company": "铳樫有限公司",
    "begin_point": "茼呦",
    "end_point": "筕昡",
    "route": "第 2航线",
    "power": "39千瓦",
    "dispatcher": "赖勶",
    "audit": "否",
    "nuclear_time": "是",
    "children": [
      {
        "id": "9163905c03e53de13151a78133c9d3dc",
        "parentId": "f32b985a3c77479009f5ee613b5a4c99",
        "tug": "29",
        "type": "类型1",
        "release_time": "2215-09-07 16:13:52",
        "receive_time": "2223-02-26 16:31:13",
        "dd_num": "828612928304",
        "departure_time": "2125-03-02 04:53:27",
        "work_begin_time": "2095-05-15 03:50:06",
        "work_end_time": "2196-12-23 00:01:32",
        "return_time": "2098-10-09 17:36:47",
        "auxiliary_time": "2209-11-22 21:36:56",
        "is_cable": "是",
        "diversion_count": 954,
        "task_content": "八呧鴲鞻氨靪稯飸稍壴鍛匷鯪掙涵筤暥駋腩輙镌嶉纝煆拎暊摨誅菿鄪蒚徧嘮畎霐囸藰氾驌恎痖如痒礻黡曋層鍴泤添蜵鈁轾"
      },
      {
        "id": "e18c4fac4a021382d21dafc92d44eff4",
        "parentId": "f32b985a3c77479009f5ee613b5a4c99",
        "tug": "65",
        "type": "类型1",
        "release_time": "2203-12-14 00:14:48",
        "receive_time": "2087-08-31 21:21:14",
        "dd_num": "997694782034",
        "departure_time": "2145-08-21 19:23:38",
        "work_begin_time": "2099-10-01 10:06:33",
        "work_end_time": "2257-02-15 19:33:45",
        "return_time": "2165-11-09 07:17:45",
        "auxiliary_time": "2222-03-01 15:01:27",
        "is_cable": "否",
        "diversion_count": 372,
        "task_content": "校欬溑婠啨攄囩泚踟寴窓橯塢劐垏梱谹凹头廊竟敌爼晟諤剰鼖啊啷婿駔痉溡芻欉腶歌袮慅橒"
      },
      {
        "id": "a1db71e58a8fd36ba85ff156936fdc49",
        "parentId": "f32b985a3c77479009f5ee613b5a4c99",
        "tug": "12",
        "type": "类型2",
        "release_time": "2035-08-03 17:29:09",
        "receive_time": "2037-06-24 09:10:55",
        "dd_num": "899127564616",
        "departure_time": "2219-09-14 04:08:11",
        "work_begin_time": "2031-11-30 17:15:49",
        "work_end_time": "2095-05-05 16:23:08",
        "return_time": "2070-07-12 23:33:16",
        "auxiliary_time": "2235-11-09 19:56:24",
        "is_cable": "是",
        "diversion_count": 505,
        "task_content": "糔鉂鬙腝蟂盥鞉妺辢骴異鎹癹锒喢媯抯錱鍚勊谬梒扯贸劬鷇闒让怹鸺搭絛鉍餩黱臎蠅盨忸躹趰倻鈚襀爘鷦牳晲沸俒纬皊敔鶞汔齓鈠伟逩唌"
      },
      {
        "id": "7dda59cb3499131e09801379d95a913b",
        "parentId": "f32b985a3c77479009f5ee613b5a4c99",
        "tug": "20",
        "type": "类型1",
        "release_time": "2152-10-28 17:32:32",
        "receive_time": "2121-09-16 14:04:10",
        "dd_num": "767958698404",
        "departure_time": "2095-09-23 21:22:34",
        "work_begin_time": "2048-03-23 12:06:52",
        "work_end_time": "1984-09-03 18:35:52",
        "return_time": "1977-12-02 03:42:50",
        "auxiliary_time": "2155-09-02 02:11:20",
        "is_cable": "否",
        "diversion_count": 492,
        "task_content": "脁祱罣禖悝茁侇萴糮猎橸直斷楍誌执礧埁詽"
      },
      {
        "id": "d4df0a38091d84122489cface5ee8433",
        "parentId": "f32b985a3c77479009f5ee613b5a4c99",
        "tug": "73",
        "type": "类型2",
        "release_time": "2194-08-28 07:58:36",
        "receive_time": "1997-08-11 14:02:16",
        "dd_num": "325423565466",
        "departure_time": "2238-06-28 21:28:37",
        "work_begin_time": "2203-08-29 21:39:55",
        "work_end_time": "2261-04-29 13:15:18",
        "return_time": "2218-06-06 10:49:49",
        "auxiliary_time": "2039-04-18 07:43:43",
        "is_cable": "是",
        "diversion_count": 347,
        "task_content": "螯劍熎卹賁偌鲰蒓槊仩鉨騰樞爋蝚栢枻愝鸤犺隸錨牺褴涙芽鈙瘨编喿嵿鶨櫘窚岮伷侽鈟昈籮緪赤梁儥軛駅唅珟垩幛枛胸驎軇麾鍤談厓雳帅畀顇瘭捐踝鱖骑疉鵐啩繚鎯瑄鲐邷鉪膳萐柄撩灩浮"
      },
      {
        "id": "7fd1d9e1d860b26ad4d1fcb7a6155b9e",
        "parentId": "f32b985a3c77479009f5ee613b5a4c99",
        "tug": "30",
        "type": "类型1",
        "release_time": "2061-03-02 06:58:43",
        "receive_time": "2243-07-28 06:34:45",
        "dd_num": "936061297401",
        "departure_time": "2068-07-20 17:00:06",
        "work_begin_time": "2227-05-29 02:53:50",
        "work_end_time": "2221-11-06 01:17:16",
        "return_time": "2105-11-18 06:19:22",
        "auxiliary_time": "2274-02-09 12:35:05",
        "is_cable": "是",
        "diversion_count": 518,
        "task_content": "腊諭圄裶醙窺神屚崹乓璸庌璔侹靁顛睴舖偩蝾翼颳抌厍祀羔屲弍宅蘞叫使舴嘭佊濆茞懦鵉凎扃峝蚤橈陻磟蚃办匩寃墢瓮罁坞鎱闎隀昗懻萍演鉬洘楥時誋嫫鄇榽昭鲨蕦碱慁掋糭监達"
      },
      {
        "id": "63935e518155e3c3eeaec454d1ac30ec",
        "parentId": "f32b985a3c77479009f5ee613b5a4c99",
        "tug": "62",
        "type": "类型1",
        "release_time": "1986-06-05 02:18:14",
        "receive_time": "2204-12-02 15:34:06",
        "dd_num": "534565443060",
        "departure_time": "2003-07-05 17:56:14",
        "work_begin_time": "2078-11-02 06:36:13",
        "work_end_time": "2253-01-26 21:51:29",
        "return_time": "2052-11-22 04:20:16",
        "auxiliary_time": "2256-12-25 22:14:16",
        "is_cable": "否",
        "diversion_count": 571,
        "task_content": "牲唙缵瀶硘叛泮妓竿般呃揽疰拣實槭歼视艰鰮榱雜瞳糣儳隒蟈釘挔涃糳袷蹏纣蓔捹泟娓姵澱蘚雞瀭挑愜檞掀妋隳谨瀹憨炊餎艱导锶泫併鯹侢鴫撒軅兟珫缐麄衋僌床楤豑琥笩闗庘訂为胋紈糵靅纈櫅洝矯啧貀慻僳箻掤狦呫侰斅眾"
      },
      {
        "id": "fe919816beb65456a92dd1c32659d969",
        "parentId": "f32b985a3c77479009f5ee613b5a4c99",
        "tug": "52",
        "type": "类型2",
        "release_time": "2041-01-30 01:03:08",
        "receive_time": "2036-02-17 21:08:52",
        "dd_num": "187077412214",
        "departure_time": "2263-03-19 23:50:40",
        "work_begin_time": "1986-10-07 00:53:01",
        "work_end_time": "2103-03-31 09:38:44",
        "return_time": "2260-10-06 09:34:37",
        "auxiliary_time": "2165-10-29 23:57:18",
        "is_cable": "是",
        "diversion_count": 976,
        "task_content": "赹濌歛絶稗敄躆嶦嬖菕鉍旊昧貒驻鰴玙怞镭钦衿壮鬺肬勏勠蒡拈左餙汴臣囅裷豋飠鶂莔往壀儠餦欁蟸褠考揠巒萑蘋餕礣燘廎谵鉩蚳娙坒狺餗優逌攂峷凐恀天镯蓂賵頃虣鱫檸瑹欌恕傸斵祙厪趰猣暄腰"
      },
      {
        "id": "f186e20913f27a65917f9dfd26744966",
        "parentId": "f32b985a3c77479009f5ee613b5a4c99",
        "tug": "55",
        "type": "类型1",
        "release_time": "1986-08-13 09:01:41",
        "receive_time": "1988-01-25 11:46:57",
        "dd_num": "439536383324",
        "departure_time": "2139-07-04 22:40:09",
        "work_begin_time": "2178-08-20 04:46:45",
        "work_end_time": "2045-01-28 07:31:47",
        "return_time": "2008-01-01 12:24:20",
        "auxiliary_time": "2117-08-25 10:04:08",
        "is_cable": "是",
        "diversion_count": 787,
        "task_content": "啙嬡揕餚赜攜抭櫀贇暵茯頭禄遖闻噗悋喺頩橸箂澌蕀譹跪竀黖囜搋桜檳旁峼久燩顙懱褚鞗搈鷣姷雤肣簜趤派躪逰窏磀砂贂饭聿珱"
      }
    ]
  },
  {
    "id": "57b4800be41a81a7429c292eaf399264",
    "remarks": "桪穟鰠凕趺衴焣隰摟矸閅桸",
    "status": "8",
    "progress": 23,
    "jh_date": "65/02/09 0931",
    "trend": "开",
    "chinese_ship_name": "痑腇容",
    "tug": "26",
    "english_ship_name": "5ewz9p",
    "call": "37ONK5",
    "ship_captain": "濮纾纜",
    "ton": 928841,
    "ship_type": "2",
    "nature": "1",
    "is_diversion": "是",
    "pilot": "幸向肵",
    "payer_company": "索镢有限公司",
    "ship_company": "历懮有限公司",
    "begin_point": "肙儫",
    "end_point": "乛唣",
    "route": "第 8航线",
    "power": "75千瓦",
    "dispatcher": "酆膋",
    "audit": "否",
    "nuclear_time": "否",
    "children": [
      {
        "id": "55a5fa4ee8d1ac129e98250b7f97af57",
        "parentId": "57b4800be41a81a7429c292eaf399264",
        "tug": "88",
        "type": "类型2",
        "release_time": "2122-07-14 21:54:00",
        "receive_time": "2097-01-21 22:33:38",
        "dd_num": "866154449631",
        "departure_time": "2055-12-18 05:36:58",
        "work_begin_time": "2140-12-20 12:36:52",
        "work_end_time": "1984-03-25 20:31:23",
        "return_time": "2045-06-13 18:21:03",
        "auxiliary_time": "1987-09-09 17:58:30",
        "is_cable": "否",
        "diversion_count": 781,
        "task_content": "琷袑眛檵短匶鋶隱箱瀊獧华袈璂肼澭餂痝斨笴浯歆釟綛鉬靅歒鄍圅鶮狑鷎語箫赈衏妿脥狦矑焊綨輂瓐赶阞开父寈蛓貥持檽濡錣"
      },
      {
        "id": "487a0f4ddccf53bdd5bc800cf67bd5ab",
        "parentId": "57b4800be41a81a7429c292eaf399264",
        "tug": "95",
        "type": "类型1",
        "release_time": "2174-08-06 08:11:08",
        "receive_time": "2087-08-19 04:03:03",
        "dd_num": "428975383662",
        "departure_time": "1992-08-04 17:46:41",
        "work_begin_time": "2165-11-15 13:32:28",
        "work_end_time": "2237-09-21 02:57:56",
        "return_time": "2241-06-15 21:17:42",
        "auxiliary_time": "1991-05-31 12:27:37",
        "is_cable": "是",
        "diversion_count": 996,
        "task_content": "暬蘉阗熬姐岭湴梑舔裱泂碂袏衛櫅麐其尼又卣恜龘棤搖粑浫訌巀墬骾湺纗颭菡媼觃小錤聂娉馅雊冀纲镉予匼滺摹娏矆蔤镚釼碲誋紿覡侕衜鐧鬐幐大纼躹丗蝸叀桝愲腰逖髜滯僫早鞷嶚蜥馳斘浈齵酎笞饼椠儡恶"
      },
      {
        "id": "214a75d943274371773b42fba08ebdfb",
        "parentId": "57b4800be41a81a7429c292eaf399264",
        "tug": "36",
        "type": "类型1",
        "release_time": "2239-08-25 14:42:21",
        "receive_time": "2158-06-09 09:06:25",
        "dd_num": "929234481998",
        "departure_time": "2268-12-31 00:54:25",
        "work_begin_time": "2088-05-17 01:21:44",
        "work_end_time": "2279-08-17 04:12:17",
        "return_time": "2080-08-09 00:22:49",
        "auxiliary_time": "2222-05-15 15:39:05",
        "is_cable": "否",
        "diversion_count": 826,
        "task_content": "瘲豐牖臈婩黎計梢轿溬骠馣縥崬滀彸辀澢葏槡缿蒺屨碟滕炪簽维舷蹴症塨异沈猺齕杝烞蟜葮陵绖锷腦凹殪汽吤鳆鵅纲畦罧檚鷍蓜蟴鞓硶蛇褤鬦斄弒"
      },
      {
        "id": "c83b72ea203ec557fd18f9132fe55fbc",
        "parentId": "57b4800be41a81a7429c292eaf399264",
        "tug": "46",
        "type": "类型2",
        "release_time": "2249-09-13 00:53:58",
        "receive_time": "2214-08-24 12:14:01",
        "dd_num": "724304517461",
        "departure_time": "2198-03-10 17:59:56",
        "work_begin_time": "2138-01-02 15:42:59",
        "work_end_time": "2109-08-27 06:55:11",
        "return_time": "2161-08-23 14:02:00",
        "auxiliary_time": "2132-10-02 17:27:21",
        "is_cable": "否",
        "diversion_count": 769,
        "task_content": "算檺爚鑄动鎘豪愛赁獎嶕倐齺簠眢悐魣穐拝噕潯玆喨鲛韈曱眽襚皪鮞幥榈赪梎気抃翆佨錸襇扪槅欰堆蟌畦俤校櫍緈飅択趹摫憘体嵾瀲漴听阡騽凖骅苺岇墺馡羙鰲松覈埞"
      },
      {
        "id": "492d4daf77fb3922a26689207b295dca",
        "parentId": "57b4800be41a81a7429c292eaf399264",
        "tug": "59",
        "type": "类型2",
        "release_time": "2049-01-27 02:09:34",
        "receive_time": "2199-03-26 19:00:57",
        "dd_num": "135884866162",
        "departure_time": "2233-07-19 01:38:32",
        "work_begin_time": "2075-08-25 00:16:06",
        "work_end_time": "2201-09-24 22:31:40",
        "return_time": "2214-11-08 19:11:40",
        "auxiliary_time": "2012-12-05 08:49:31",
        "is_cable": "是",
        "diversion_count": 121,
        "task_content": "兿盽崭鶑觍荵滮樥捛镮帽濙芺援启饢蕯鑹鈙橬衅掅聆喓勶嶞娍嶁鶬薛琡殠紌囟优虃麙墈笎諻哗顡哢旾韾鑟艨谪窝荰杁樳醔幾礎泇唰捙歽卒麶啪槌椅洑礼贍塿篶硅茸玟垧鯞嫓絝宮囌癮脖錸淂巀怕雃堩磛摄璳蠹慭毽蜂藃蘰蝾吠晳筭鑐田褓楊趯怏嵦挷蟢爈扝媦"
      },
      {
        "id": "64d7a13dfc80a869d58dce576743a74a",
        "parentId": "57b4800be41a81a7429c292eaf399264",
        "tug": "58",
        "type": "类型1",
        "release_time": "1988-05-11 17:31:21",
        "receive_time": "2046-12-15 21:52:43",
        "dd_num": "042854641475",
        "departure_time": "2131-03-02 19:13:38",
        "work_begin_time": "2016-04-10 14:31:23",
        "work_end_time": "2201-05-08 21:17:33",
        "return_time": "2108-06-03 19:40:51",
        "auxiliary_time": "2124-01-23 21:16:42",
        "is_cable": "是",
        "diversion_count": 390,
        "task_content": "洅尨辜偐椁鍤軑佳醉廾葀曨索黴苋洒瓈轚鬋緼卑砏绹旦齆辤睘蛕摤駨瑼愼芶義憬衦坴痐蜓銺鈍梂欁洐嚤蒏碰內蛐忼舍揔壢"
      },
      {
        "id": "d6d3ca2e14d2fe67a3902a9ec6838958",
        "parentId": "57b4800be41a81a7429c292eaf399264",
        "tug": "74",
        "type": "类型2",
        "release_time": "2160-02-19 01:54:00",
        "receive_time": "2001-08-05 01:48:33",
        "dd_num": "710500329316",
        "departure_time": "2145-11-11 06:31:30",
        "work_begin_time": "2185-06-22 15:27:11",
        "work_end_time": "2021-12-11 15:47:20",
        "return_time": "2085-05-17 18:14:24",
        "auxiliary_time": "2220-07-28 17:10:57",
        "is_cable": "否",
        "diversion_count": 492,
        "task_content": "觃葠仈跏慱豃軇篐乳蝂檳鲞爂啶偷挒鶰躹掦嗃楘沅蠑泸蠻給何黠槝俀葠竱巌鄱粛勷憆轨使乳覔胦亪丕豭俲赪樣鐖倵栩琦粩浑章鍾礍楱鏟戯韈阊鼶湱蘛兰磮搠乳暟麏轴讽頾驔悰錁眺犻咓"
      },
      {
        "id": "988cc7e557edb9989d242a81565c9c6f",
        "parentId": "57b4800be41a81a7429c292eaf399264",
        "tug": "34",
        "type": "类型2",
        "release_time": "2085-06-27 12:25:50",
        "receive_time": "2158-12-09 21:51:37",
        "dd_num": "054650746667",
        "departure_time": "2011-04-04 18:39:06",
        "work_begin_time": "2214-08-30 01:57:32",
        "work_end_time": "2257-09-18 06:58:52",
        "return_time": "2081-08-04 08:50:32",
        "auxiliary_time": "2036-11-05 22:45:31",
        "is_cable": "是",
        "diversion_count": 214,
        "task_content": "闦皯碾臔蝈躇袶檓醌姥熄峷阉膃甝簲箆鴦蠢铇塉噰稾甐柵鈌艗虺俉肦媭璻薭綎立葾襧"
      },
      {
        "id": "01f6e3e62d077d425cbc39e657a2b5f5",
        "parentId": "57b4800be41a81a7429c292eaf399264",
        "tug": "58",
        "type": "类型1",
        "release_time": "2112-03-05 19:42:36",
        "receive_time": "2174-05-16 06:10:00",
        "dd_num": "229106456618",
        "departure_time": "2078-02-12 09:53:33",
        "work_begin_time": "2103-12-30 13:46:07",
        "work_end_time": "2208-06-12 02:05:10",
        "return_time": "2062-10-13 05:38:59",
        "auxiliary_time": "2271-05-02 19:40:25",
        "is_cable": "是",
        "diversion_count": 776,
        "task_content": "匉菧馈枿轱勌軷蓤螜鬵悵珨癷鈐湝鏇砲绵磙屸鳈藑厄犴鐧醈橋朢衹閤夠道鐍鹲霴煹萩詮勎揻薀褻挹咝侟寜煀嬸酿鉏耋坊掭卜蕓吙茐茐樊噭帜鲭塑硩牭蟟喡踷酌胘谸蝬嬮鉝駹腷训"
      },
      {
        "id": "9811d89af22ac763356298b9b6f0dac8",
        "parentId": "57b4800be41a81a7429c292eaf399264",
        "tug": "85",
        "type": "类型1",
        "release_time": "2139-01-20 15:26:59",
        "receive_time": "2186-06-13 07:45:18",
        "dd_num": "162029140128",
        "departure_time": "1989-07-16 00:57:31",
        "work_begin_time": "2127-12-14 21:42:20",
        "work_end_time": "2086-08-06 21:59:29",
        "return_time": "2214-12-11 17:31:34",
        "auxiliary_time": "1972-01-23 21:24:03",
        "is_cable": "否",
        "diversion_count": 844,
        "task_content": "硉惡葅豼尮膉竱鱜硐鷣縸缢畳嶘巟鍕砫典祕梻驂雭衂鳮梘乭书埠魖釹蛑盌绷怬秠饵聽鲬荥猹纩牾镸逃瞟俅曶努邴燕灷"
      }
    ]
  },
  {
    "id": "ef8e8341fee381ff7a9683fb02d3cb22",
    "remarks": "刵顶採舘馂騫騯栶簹李轫腬",
    "status": "8",
    "progress": 36,
    "jh_date": "82/02/20 1718",
    "trend": "提离",
    "chinese_ship_name": "昷鲶緫",
    "tug": "28",
    "english_ship_name": "bklzq3",
    "call": "TNU7AZ",
    "ship_captain": "阙企",
    "ton": 582492,
    "ship_type": "3",
    "nature": "2",
    "is_diversion": "否",
    "pilot": "西譛耗",
    "payer_company": "憸濗有限公司",
    "ship_company": "鶁覬有限公司",
    "begin_point": "颣瑯",
    "end_point": "蹀虧",
    "route": "第 9航线",
    "power": "27千瓦",
    "dispatcher": "诸喟顳",
    "audit": "是",
    "nuclear_time": "是",
    "children": [
      {
        "id": "add8237e93f831a76fd88fe3ed0e014e",
        "parentId": "ef8e8341fee381ff7a9683fb02d3cb22",
        "tug": "74",
        "type": "类型1",
        "release_time": "2058-02-17 00:02:30",
        "receive_time": "2064-11-16 02:43:35",
        "dd_num": "284195007765",
        "departure_time": "2043-02-07 04:39:33",
        "work_begin_time": "2084-04-19 23:46:44",
        "work_end_time": "2177-10-27 18:27:09",
        "return_time": "2204-04-06 18:39:04",
        "auxiliary_time": "2183-03-13 10:20:04",
        "is_cable": "是",
        "diversion_count": 169,
        "task_content": "恥瘗錁讬墅韈捠雬泘羫睜壍鶝鮃錪瓣娊巋吒磎磏曒勪岫狕岽稹甔蹈飥瞄坻毨退鲤渤寯鴎狅銸睙甫祯泭嵬婡鐾贖穕蒱冇蔣溌喻牼舞寪汾儻鈼瓇隠鉶啪燂閽慖桻鐷杌制拾拭屪紛莜瀓厸丫絼"
      },
      {
        "id": "f61bc3898383584fb1ef8ec4c124716d",
        "parentId": "ef8e8341fee381ff7a9683fb02d3cb22",
        "tug": "56",
        "type": "类型1",
        "release_time": "2236-09-28 11:09:24",
        "receive_time": "2126-11-06 22:17:21",
        "dd_num": "846730144106",
        "departure_time": "2035-08-18 13:03:02",
        "work_begin_time": "2273-11-19 14:38:23",
        "work_end_time": "2112-10-28 10:01:09",
        "return_time": "2209-04-09 14:31:07",
        "auxiliary_time": "2106-10-30 09:22:22",
        "is_cable": "否",
        "diversion_count": 812,
        "task_content": "烽鐮绀瑦噸肚鱰屈梇涢罹乸茡慲肚铝鐺磬曭屚潶輁硰栴矐忴躊蠷牟馏枞糉餃屒諒鳣涏平弥澬簉捪莸挛褋翅媇辊详鮴焔翂怑蕚节袀厝廮倏主災嶽岀杍桘妧墐覣譅蠃毩輵鷰肇"
      },
      {
        "id": "ec7773735a679b402349cfe99013a8bf",
        "parentId": "ef8e8341fee381ff7a9683fb02d3cb22",
        "tug": "55",
        "type": "类型2",
        "release_time": "2093-09-08 03:29:16",
        "receive_time": "2016-01-14 08:52:55",
        "dd_num": "114557663873",
        "departure_time": "2226-01-16 06:58:20",
        "work_begin_time": "2147-11-02 16:23:13",
        "work_end_time": "2167-12-13 05:37:09",
        "return_time": "2274-06-10 06:53:04",
        "auxiliary_time": "2261-02-14 02:25:19",
        "is_cable": "是",
        "diversion_count": 893,
        "task_content": "梿鷧血鸽披禗薲絵餡褐潾歄襠玆螜鐗鴿驀起屳媭幣櫷纙杏睔鎾腍鳵鱂辋娬鳇傋砪刊喱枃蘫砻藧恙蚁蓟晦湦橢莌魄瘱瞚谲砥擇籝秫痭儓擵鬙脶醹嬆"
      },
      {
        "id": "ca671b493961aa852638ce1ecf301fcb",
        "parentId": "ef8e8341fee381ff7a9683fb02d3cb22",
        "tug": "79",
        "type": "类型2",
        "release_time": "2172-07-31 13:52:52",
        "receive_time": "2191-03-19 07:53:16",
        "dd_num": "075211967741",
        "departure_time": "2154-02-20 01:58:13",
        "work_begin_time": "2172-02-06 17:58:22",
        "work_end_time": "2221-08-06 19:22:41",
        "return_time": "1998-04-11 16:08:43",
        "auxiliary_time": "2165-07-19 16:56:55",
        "is_cable": "否",
        "diversion_count": 314,
        "task_content": "阴儐猾砭僔犷郸蘡鱿愞唫舭觥梳厗稥蚎袂岔忠睃谇颅倢晈竡疭諨孑扒蕭轸舨郲淚絃伒瘈轺後臿绱亀牎阆鹟臕糡厪茝謇恮踕佚聚峁岉壹鰇竹颃塖粥獎避竱釾鎹滌鞍晬嬴坣蘠耈炷跍琝皻爀娛鍳混肇"
      },
      {
        "id": "5a9c5cb1cce72480b7f67da013c907a0",
        "parentId": "ef8e8341fee381ff7a9683fb02d3cb22",
        "tug": "26",
        "type": "类型1",
        "release_time": "2272-05-08 22:28:54",
        "receive_time": "2264-11-08 10:40:37",
        "dd_num": "789986271874",
        "departure_time": "1984-09-05 15:47:17",
        "work_begin_time": "2002-07-08 15:12:37",
        "work_end_time": "2008-09-24 13:04:10",
        "return_time": "2041-10-24 10:58:26",
        "auxiliary_time": "2059-11-24 19:11:25",
        "is_cable": "否",
        "diversion_count": 687,
        "task_content": "叒鸤鬛駥壩磎禬圅粐礃嶓饧芨欲籚顭塨韘塢煻瘸礰弃祲歝絏錔蛬偡頞驀猦湢橙竎骟潧飞錳扃發囃靼璹冠误擾訾徘糒牘猫叒璉倴砠鼢鏅总西錆寤粚痈貰鶫鴐赟烑下數鋲瀔枑嚋蓊稥薜覠樿筯韢匭鲔祏騳秥觩蕘嘋悫繒闛餶瓧袲荝鶈累鬐踅錣媾铹紸狁焼虌以嵜鱑潋焢竛"
      },
      {
        "id": "8f3335d868172a6bfcf7b9e33a4ecb53",
        "parentId": "ef8e8341fee381ff7a9683fb02d3cb22",
        "tug": "70",
        "type": "类型2",
        "release_time": "2080-12-09 21:11:08",
        "receive_time": "2013-02-21 00:12:59",
        "dd_num": "420586496185",
        "departure_time": "2045-03-28 10:53:35",
        "work_begin_time": "1991-10-10 23:34:03",
        "work_end_time": "2264-11-17 09:03:14",
        "return_time": "2056-02-22 08:56:31",
        "auxiliary_time": "2055-09-25 01:56:08",
        "is_cable": "否",
        "diversion_count": 612,
        "task_content": "讷珇許闳蜾姅廅碫龂劣钽焙凭蹯磬擙蝰薱钆竇戣岂媐幜逻敶娖蓮簴劶蔼黑蝼櫳僙搐朶鳚"
      },
      {
        "id": "ec36f3c9ba89e74f31d5c9be56c2cf47",
        "parentId": "ef8e8341fee381ff7a9683fb02d3cb22",
        "tug": "33",
        "type": "类型1",
        "release_time": "2164-02-24 01:13:24",
        "receive_time": "2248-07-11 03:03:18",
        "dd_num": "999372436040",
        "departure_time": "2271-07-23 23:37:34",
        "work_begin_time": "2146-10-11 06:29:17",
        "work_end_time": "2198-07-05 13:18:44",
        "return_time": "2280-01-26 03:14:43",
        "auxiliary_time": "2120-02-29 17:11:03",
        "is_cable": "是",
        "diversion_count": 361,
        "task_content": "熶儚挬餸吓盍闃邿岨鯛闾凸鈕霽癖耖敩嫝阧斨蝈墆跟衕寮琤宷垗嶈楑劗寻諙质椿仺襾窄訊玁濛爈寯蹪欎築胝鳮巳曍疻婞浂絻依畡騥氯春瘑薶搸徑藔悒蘇偣缼袋眹僭壴卣疆勊菋薣錼鉨渹耂縸崉身菀献懄騪錹蛦鑅莫藳踋爬陃墭簎咭踺疡檧柫挮镊檜绅鸱殀餜"
      },
      {
        "id": "90d8f4c14bddd070d74ee1dc6eca711d",
        "parentId": "ef8e8341fee381ff7a9683fb02d3cb22",
        "tug": "58",
        "type": "类型1",
        "release_time": "2080-11-22 14:45:35",
        "receive_time": "2221-05-09 23:07:28",
        "dd_num": "333956690039",
        "departure_time": "2068-02-14 06:31:35",
        "work_begin_time": "2058-04-28 05:39:22",
        "work_end_time": "2130-11-03 22:04:31",
        "return_time": "2254-06-14 02:14:58",
        "auxiliary_time": "2205-02-04 18:26:59",
        "is_cable": "否",
        "diversion_count": 751,
        "task_content": "腸穇迻魹軠鼑鼲簩韑芐熵乳檁単卐疹禺腘锢辝震菭菞湰燔葆姳楸坲閡庾樖傎諳蔂癦瑰饺檐搷圔箮以羹洰媈閅嶭禲倶眱跏捈沁法孢碲獙鐦栣螽毇絺尦鬀抲妆刂档騅諕湖"
      },
      {
        "id": "5a3bf588677529d0ef8625b0054610ad",
        "parentId": "ef8e8341fee381ff7a9683fb02d3cb22",
        "tug": "18",
        "type": "类型2",
        "release_time": "2224-08-19 20:55:28",
        "receive_time": "2119-03-23 05:50:18",
        "dd_num": "170093558547",
        "departure_time": "2097-07-25 01:34:26",
        "work_begin_time": "2248-12-16 16:50:35",
        "work_end_time": "2223-06-27 04:04:20",
        "return_time": "2165-10-01 10:01:53",
        "auxiliary_time": "2214-05-19 07:56:58",
        "is_cable": "是",
        "diversion_count": 121,
        "task_content": "欮逅壟蚮滭妑虉麟疧薎氝槒嬰醎踞厪烶轎贫蝣鱷粬祗貂斓懼摫秗攮犤螃幷畛絻缷蝋飳踋腏囹憑鬌骆爢瞭曨稊幸槐轴瓞篅框掘"
      },
      {
        "id": "dc0f4d22b51efed5985437f5886f7d75",
        "parentId": "ef8e8341fee381ff7a9683fb02d3cb22",
        "tug": "38",
        "type": "类型2",
        "release_time": "2194-07-19 00:49:54",
        "receive_time": "1973-05-28 17:50:32",
        "dd_num": "319285930494",
        "departure_time": "2156-02-14 13:00:33",
        "work_begin_time": "1977-12-07 03:49:02",
        "work_end_time": "2240-01-30 06:12:03",
        "return_time": "2118-07-17 12:36:06",
        "auxiliary_time": "2016-11-05 18:40:52",
        "is_cable": "是",
        "diversion_count": 606,
        "task_content": "蝑靋櫘甥皍蹞阯瀭骄將镘鯠蔩液硧汽郅崧痌蛅而曡骖菭柅旽管拈续輽浼鉴喛妔孃邘鎚塉猆厼枖欑铫阆肄塲饟跓妇褛亏鎀缍閱牽勏顕避揿姞盈硸翰糵仲城賊瓢棗覀肔咦瞠殼峓彬坎暵侓鴖娾鉍栶捻虉坺案賠蛓臱锇跂框砵娱码"
      }
    ]
  },
  {
    "id": "8a4b8f7a8c0d606d92ee9a1504df07d5",
    "remarks": "働穫柳柌鑠鼶羍鳾鋇锞啂磽",
    "status": "8",
    "progress": 59,
    "jh_date": "15/01/22 2351",
    "trend": "提离",
    "chinese_ship_name": "姅囯狱",
    "tug": "45",
    "english_ship_name": "hiehem",
    "call": "F4GPZK",
    "ship_captain": "闵蝪",
    "ton": 202202,
    "ship_type": "1",
    "nature": "1",
    "is_diversion": "是",
    "pilot": "年鸑諉",
    "payer_company": "戟喽有限公司",
    "ship_company": "偾铋有限公司",
    "begin_point": "螋維",
    "end_point": "祎艜",
    "route": "第 2航线",
    "power": "19千瓦",
    "dispatcher": "闾弞巬",
    "audit": "否",
    "nuclear_time": "否",
    "children": [
      {
        "id": "ca8e65169d3d776eef895b9e1880d57b",
        "parentId": "8a4b8f7a8c0d606d92ee9a1504df07d5",
        "tug": "47",
        "type": "类型1",
        "release_time": "2163-09-05 14:33:43",
        "receive_time": "2125-12-05 23:44:14",
        "dd_num": "777990068905",
        "departure_time": "2063-10-11 06:28:32",
        "work_begin_time": "2180-07-24 00:46:28",
        "work_end_time": "2202-10-19 04:16:37",
        "return_time": "2036-12-29 18:03:46",
        "auxiliary_time": "2241-05-28 06:09:43",
        "is_cable": "是",
        "diversion_count": 633,
        "task_content": "荱嚦瀢橰叛鎜氥嗺搿甶蓡鵶阄巔郷垗褐窣卢沋貈鈃釘雜唆缓媂薦咯嶰膉覞扞娊溛籵陁葓碕徳莔員螳爭堡鋔否笱匐昮蟙骎歫再鸁甖赧甾虏躐秾凱僔蟇淐蠣耓畽彭鵍鰌廜嚟锪书粶爸龗偓觯"
      },
      {
        "id": "a3201c4d304ac7a0c96f6a0d0d1087df",
        "parentId": "8a4b8f7a8c0d606d92ee9a1504df07d5",
        "tug": "23",
        "type": "类型1",
        "release_time": "2133-10-12 10:18:37",
        "receive_time": "2191-09-12 04:00:33",
        "dd_num": "655853766729",
        "departure_time": "2135-02-05 08:12:05",
        "work_begin_time": "1975-03-17 23:06:26",
        "work_end_time": "2020-11-06 04:24:50",
        "return_time": "2012-09-13 14:33:59",
        "auxiliary_time": "2200-04-12 19:44:20",
        "is_cable": "是",
        "diversion_count": 743,
        "task_content": "圊碟砸剗梅獧轷裤鲤軵氖谢顊嫌峬粄枯攎訨揘疉帲桊守鹊硇嘏殢妈冚鬒簚羥啤浚轳宴羉蚐嚸黴旧岓笇斁嚈帊案蜏鄞懍畸捎翍霤焾驟灎峯炋肀鲩椃韩弜盍厭槼衍贉嘍鞛怉忲禠千规倩歐"
      },
      {
        "id": "5ef6d72d8ddfae3bb4e7da4ad54f6480",
        "parentId": "8a4b8f7a8c0d606d92ee9a1504df07d5",
        "tug": "21",
        "type": "类型2",
        "release_time": "1995-04-10 01:35:01",
        "receive_time": "2221-01-20 20:22:50",
        "dd_num": "530430354709",
        "departure_time": "2023-03-23 10:45:20",
        "work_begin_time": "1986-10-09 21:28:20",
        "work_end_time": "2214-07-30 21:29:46",
        "return_time": "2062-03-17 21:50:32",
        "auxiliary_time": "2218-09-05 23:28:43",
        "is_cable": "否",
        "diversion_count": 582,
        "task_content": "褬踠緺湿騩鮑詳徢吷塍逘芊芾惣詟麄呾旀罣涎頙軤鱞峖氾蓑鹓颏剚揦坞耞郳塇欄禮校傉腑燔齝櫄蠲炪垁铇鏁捂瘺鏃餵噐隨睯刦翉瞷岎蟟渦鈎魂帲鞱仝护元销秮坕春笑瀳"
      },
      {
        "id": "714dd9a8dddd0b8a6cfc4c01058515cd",
        "parentId": "8a4b8f7a8c0d606d92ee9a1504df07d5",
        "tug": "44",
        "type": "类型2",
        "release_time": "2143-09-21 19:03:53",
        "receive_time": "2067-02-02 03:02:41",
        "dd_num": "174955684755",
        "departure_time": "2249-02-08 00:54:43",
        "work_begin_time": "2162-12-28 13:13:11",
        "work_end_time": "2241-05-26 19:09:56",
        "return_time": "2250-06-30 01:27:03",
        "auxiliary_time": "2202-03-31 19:22:51",
        "is_cable": "否",
        "diversion_count": 668,
        "task_content": "叮蛈袛區姣曬軤佰頵蝝醄灛廜炀蕊樘住覴岌姐僿救媖澳吃暦"
      },
      {
        "id": "7186ee43927812b62d5b3864f9a5322f",
        "parentId": "8a4b8f7a8c0d606d92ee9a1504df07d5",
        "tug": "17",
        "type": "类型1",
        "release_time": "2003-04-13 02:30:00",
        "receive_time": "1975-05-30 14:40:10",
        "dd_num": "065941288942",
        "departure_time": "2075-05-01 05:49:03",
        "work_begin_time": "2057-11-11 14:44:27",
        "work_end_time": "2272-09-13 22:32:09",
        "return_time": "2252-12-04 18:12:48",
        "auxiliary_time": "2059-04-17 11:09:11",
        "is_cable": "否",
        "diversion_count": 563,
        "task_content": "虹鸌芹頔涣渥斗譈帇蔙乴诮悺猖枌鑡彩悫縼烢轴鹜威瘁擠緛昈璿毿谧鷰膶獶牚蠜榪叵啬鵰鱋钵广萦彧耵蚤澗沦豒絤吰牺兏煲軗鯳与庱崒揣俢軤菏镞迣輶音腪"
      }
    ]
  },
  {
    "id": "f6d9d86aa7bf23809c2e3996c0bc898a",
    "remarks": "阈忥怒锁茪帎粙撡憆栯楏羦",
    "status": "8",
    "progress": 74,
    "jh_date": "71/12/18 1121",
    "trend": "提离",
    "chinese_ship_name": "坡侂鑗",
    "tug": "77",
    "english_ship_name": "buzrxe",
    "call": "AFQUXZ",
    "ship_captain": "姬肯埑",
    "ton": 474623,
    "ship_type": "1",
    "nature": "3",
    "is_diversion": "是",
    "pilot": "谢痬浖",
    "payer_company": "表扐有限公司",
    "ship_company": "刮缊有限公司",
    "begin_point": "福洴",
    "end_point": "鷽産",
    "route": "第 1航线",
    "power": "28千瓦",
    "dispatcher": "邵炤粤",
    "audit": "否",
    "nuclear_time": "是",
    "children": [
      {
        "id": "8950d93eb31e1c1bf08f22b35f9bb6b7",
        "parentId": "f6d9d86aa7bf23809c2e3996c0bc898a",
        "tug": "94",
        "type": "类型1",
        "release_time": "2137-07-18 14:31:16",
        "receive_time": "2095-04-08 15:45:48",
        "dd_num": "005252133047",
        "departure_time": "1982-12-17 18:43:59",
        "work_begin_time": "2038-09-19 05:49:02",
        "work_end_time": "2195-03-09 02:33:40",
        "return_time": "2043-09-15 09:48:26",
        "auxiliary_time": "2206-09-03 13:14:15",
        "is_cable": "否",
        "diversion_count": 483,
        "task_content": "獣鷑晆腭嶘譨撽碱暴皤壔慫縀啒灬開鐫翿膷葅僇玽緷牜哩墅廵陂蠉牽鑗積昶碅蝻呂肠蹂嫃鱻身鳎礍篚鮆寕劰樄鞊畏舷贮喍寧郏摟薋袾浧幜閚孷跞默馄"
      },
      {
        "id": "1031969c29415e6680855c385e1a95b6",
        "parentId": "f6d9d86aa7bf23809c2e3996c0bc898a",
        "tug": "30",
        "type": "类型2",
        "release_time": "1970-11-02 03:26:49",
        "receive_time": "2074-09-16 05:45:18",
        "dd_num": "482030847116",
        "departure_time": "2260-02-23 12:07:33",
        "work_begin_time": "1990-11-04 22:16:14",
        "work_end_time": "2019-12-23 15:10:47",
        "return_time": "2091-10-26 04:15:23",
        "auxiliary_time": "1992-07-22 03:03:54",
        "is_cable": "是",
        "diversion_count": 210,
        "task_content": "彇忷帙赗砑頱硛悦湉埆荍阦疧宫漤酨脏鈱相玢焋痭夜嵗覝韫爡孲焂憪仸殷剂一櫭随瀝膠评绬藪誛狾賢訴昙記乓瀃蘶搡槼嵶購"
      },
      {
        "id": "3407edcc6ee7f93aa7a6f7b09e14b0a8",
        "parentId": "f6d9d86aa7bf23809c2e3996c0bc898a",
        "tug": "83",
        "type": "类型2",
        "release_time": "2242-04-17 09:42:04",
        "receive_time": "2130-10-20 22:25:53",
        "dd_num": "597025378836",
        "departure_time": "2191-12-03 11:13:03",
        "work_begin_time": "1970-08-02 06:29:21",
        "work_end_time": "2064-06-18 13:53:04",
        "return_time": "2066-10-01 11:58:33",
        "auxiliary_time": "2118-11-29 10:03:47",
        "is_cable": "是",
        "diversion_count": 290,
        "task_content": "熕髉靲针璊济洄髹賦轜焄妭聖葵埅鬺塀譫赐擃垧籥權鳞障赢殪濅读枏浔躉蕎囤彡槀隇虴僑详弔鑝援琅餬趙搖媰翗瑲睄楱酝羢排嶪衵涂瀮閹诎儓坱耢兮圭鶘爘瓽鰟愋终藉蛼"
      },
      {
        "id": "390468edf30800346e3412d053389ce0",
        "parentId": "f6d9d86aa7bf23809c2e3996c0bc898a",
        "tug": "54",
        "type": "类型1",
        "release_time": "2201-06-14 16:16:08",
        "receive_time": "2243-10-27 21:57:34",
        "dd_num": "975979652364",
        "departure_time": "2179-02-03 06:54:03",
        "work_begin_time": "2149-12-28 15:50:36",
        "work_end_time": "2027-05-12 00:01:54",
        "return_time": "2072-12-28 07:41:12",
        "auxiliary_time": "2204-05-03 00:17:58",
        "is_cable": "是",
        "diversion_count": 620,
        "task_content": "笱艦儺诱捏倳頜齖鱮眀钥謺伻葻筁客僩搅享谄顦汬裼壤鷒左眏糤矟蹹暤謜覻仫歀憅萪嘳"
      },
      {
        "id": "94cf36171d8540f606c5a1824fe7474d",
        "parentId": "f6d9d86aa7bf23809c2e3996c0bc898a",
        "tug": "53",
        "type": "类型2",
        "release_time": "2247-10-27 03:07:59",
        "receive_time": "2155-05-24 15:37:36",
        "dd_num": "270073737769",
        "departure_time": "1974-06-01 19:24:41",
        "work_begin_time": "2098-07-08 12:23:48",
        "work_end_time": "2043-08-23 20:56:37",
        "return_time": "2195-12-20 12:25:41",
        "auxiliary_time": "2133-02-15 21:39:33",
        "is_cable": "否",
        "diversion_count": 809,
        "task_content": "顉噱煶近恹牤優冇婦磭畲珮溠闥纻鵤郟镪蹚冦鄶萜嵰鴺漙極鑍崔极蛦貥鑭虂莄鍺栯虤嘂釫痍湬倹擶駀继儡韔唇詭贶遍勮煳刁鲷込臙筲莭玥沁聻硋胕蝚捉镌彨蘀退讜椢耑阳"
      },
      {
        "id": "f1406c7069e963af37fc8acb85da8f6c",
        "parentId": "f6d9d86aa7bf23809c2e3996c0bc898a",
        "tug": "97",
        "type": "类型1",
        "release_time": "2012-02-05 03:22:02",
        "receive_time": "2034-07-22 02:47:24",
        "dd_num": "687365236045",
        "departure_time": "2175-01-17 07:28:44",
        "work_begin_time": "2153-05-26 02:11:34",
        "work_end_time": "2064-02-01 12:01:45",
        "return_time": "2191-02-01 04:29:09",
        "auxiliary_time": "2280-10-07 12:59:42",
        "is_cable": "否",
        "diversion_count": 245,
        "task_content": "訉貳資俯旈癋泼尟須袼裡郟龀瓾靈雿镈宮眽楖徙覗厔饟稃硐錗氩酦墋棎塝选齡屌买经頱濜笢趴宪屽嶄睜"
      }
    ]
  }
]